customer_id,name,email,phone,customer_type,created_at,is_active
CUST00001,Arun Kumar,customer00001@example.com,9000000001,premium,2025-08-17,True
CUST00002,Priya Kumar,customer00002@example.com,9000000002,wholesale,2025-05-23,True
CUST00003,Rahul Kumar,customer00003@example.com,9000000003,premium,2025-02-18,True
CUST00004,Sneha Kumar,customer00004@example.com,9000000004,walk_in,2025-01-07,True
CUST00005,Karthik Kumar,customer00005@example.com,9000000005,premium,2025-09-11,True
CUST00006,Divya Kumar,customer00006@example.com,9000000006,regular,2025-10-08,True
CUST00007,Vijay Kumar,customer00007@example.com,9000000007,regular,2025-06-17,True
CUST00008,Ananya Kumar,customer00008@example.com,9000000008,walk_in,2025-04-26,True
CUST00009,Rohan Kumar,customer00009@example.com,9000000009,premium,2025-05-09,True
CUST00010,Meera Kumar,customer00010@example.com,9000000010,regular,2025-10-22,True
CUST00011,Suresh Kumar,customer00011@example.com,9000000011,regular,2025-01-06,True
CUST00012,Nisha Kumar,customer00012@example.com,9000000012,regular,2025-07-08,True
CUST00013,Amit Kumar,customer00013@example.com,9000000013,wholesale,2025-03-20,True
CUST00014,Kavya Kumar,customer00014@example.com,9000000014,premium,2025-08-08,True
CUST00015,Aditya Kumar,customer00015@example.com,9000000015,regular,2024-12-27,True
CUST00016,Pooja Kumar,customer00016@example.com,9000000016,walk_in,2025-12-20,True
CUST00017,Vivek Kumar,customer00017@example.com,9000000017,premium,2025-09-27,True
CUST00018,Ishita Kumar,customer00018@example.com,9000000018,regular,2025-02-16,True
CUST00019,Manoj Kumar,customer00019@example.com,9000000019,regular,2025-07-05,True
CUST00020,Neha Kumar,customer00020@example.com,9000000020,premium,2025-01-31,True
CUST00021,Harish Kumar,customer00021@example.com,9000000021,premium,2025-04-25,True
CUST00022,Swathi Kumar,customer00022@example.com,9000000022,regular,2025-12-19,True
CUST00023,Naveen Kumar,customer00023@example.com,9000000023,regular,2024-12-31,True
CUST00024,Asha Kumar,customer00024@example.com,9000000024,regular,2025-06-04,True
CUST00025,Arun Sharma,customer00025@example.com,9000000025,regular,2025-08-29,True
CUST00026,Priya Sharma,customer00026@example.com,9000000026,regular,2025-06-07,True
CUST00027,Rahul Sharma,customer00027@example.com,9000000027,premium,2025-12-08,True
CUST00028,Sneha Sharma,customer00028@example.com,9000000028,wholesale,2025-05-23,True
CUST00029,Karthik Sharma,customer00029@example.com,9000000029,premium,2025-01-08,True
CUST00030,Divya Sharma,customer00030@example.com,9000000030,wholesale,2025-04-03,True
CUST00031,Vijay Sharma,customer00031@example.com,9000000031,wholesale,2025-10-30,True
CUST00032,Ananya Sharma,customer00032@example.com,9000000032,regular,2025-05-03,True
CUST00033,Rohan Sharma,customer00033@example.com,9000000033,premium,2025-08-10,True
CUST00034,Meera Sharma,customer00034@example.com,9000000034,regular,2025-01-25,True
CUST00035,Suresh Sharma,customer00035@example.com,9000000035,regular,2025-10-12,True
CUST00036,Nisha Sharma,customer00036@example.com,9000000036,premium,2025-10-08,True
CUST00037,Amit Sharma,customer00037@example.com,9000000037,premium,2025-03-20,True
CUST00038,Kavya Sharma,customer00038@example.com,9000000038,regular,2025-10-06,True
CUST00039,Aditya Sharma,customer00039@example.com,9000000039,regular,2024-12-15,True
CUST00040,Pooja Sharma,customer00040@example.com,9000000040,regular,2025-01-25,True
CUST00041,Vivek Sharma,customer00041@example.com,9000000041,premium,2025-08-17,True
CUST00042,Ishita Sharma,customer00042@example.com,9000000042,regular,2025-06-05,True
CUST00043,Manoj Sharma,customer00043@example.com,9000000043,premium,2025-07-16,True
CUST00044,Neha Sharma,customer00044@example.com,9000000044,regular,2025-08-09,True
CUST00045,Harish Sharma,customer00045@example.com,9000000045,regular,2025-10-11,True
CUST00046,Swathi Sharma,customer00046@example.com,9000000046,regular,2025-03-31,True
CUST00047,Naveen Sharma,customer00047@example.com,9000000047,regular,2025-12-25,True
CUST00048,Asha Sharma,customer00048@example.com,9000000048,regular,2025-02-23,True
CUST00049,Arun Patel,customer00049@example.com,9000000049,wholesale,2024-12-14,True
CUST00050,Priya Patel,customer00050@example.com,9000000050,regular,2025-03-03,True
CUST00051,Rahul Patel,customer00051@example.com,9000000051,regular,2025-11-29,True
CUST00052,Sneha Patel,customer00052@example.com,9000000052,premium,2025-03-27,True
CUST00053,Karthik Patel,customer00053@example.com,9000000053,regular,2025-06-18,True
CUST00054,Divya Patel,customer00054@example.com,9000000054,premium,2025-10-07,True
CUST00055,Vijay Patel,customer00055@example.com,9000000055,regular,2025-05-15,True
CUST00056,Ananya Patel,customer00056@example.com,9000000056,regular,2025-10-19,True
CUST00057,Rohan Patel,customer00057@example.com,9000000057,regular,2025-01-12,True
CUST00058,Meera Patel,customer00058@example.com,9000000058,premium,2025-01-05,True
CUST00059,Suresh Patel,customer00059@example.com,9000000059,regular,2025-09-10,True
CUST00060,Nisha Patel,customer00060@example.com,9000000060,regular,2025-02-02,True
CUST00061,Amit Patel,customer00061@example.com,9000000061,regular,2025-06-15,True
CUST00062,Kavya Patel,customer00062@example.com,9000000062,regular,2025-09-02,True
CUST00063,Aditya Patel,customer00063@example.com,9000000063,regular,2025-03-05,True
CUST00064,Pooja Patel,customer00064@example.com,9000000064,premium,2025-03-30,True
CUST00065,Vivek Patel,customer00065@example.com,9000000065,regular,2025-12-16,True
CUST00066,Ishita Patel,customer00066@example.com,9000000066,regular,2025-01-04,True
CUST00067,Manoj Patel,customer00067@example.com,9000000067,walk_in,2025-04-25,True
CUST00068,Neha Patel,customer00068@example.com,9000000068,premium,2025-11-25,True
CUST00069,Harish Patel,customer00069@example.com,9000000069,regular,2025-09-29,True
CUST00070,Swathi Patel,customer00070@example.com,9000000070,premium,2025-12-19,True
CUST00071,Naveen Patel,customer00071@example.com,9000000071,premium,2025-10-09,True
CUST00072,Asha Patel,customer00072@example.com,9000000072,regular,2025-05-27,True
CUST00073,Arun Reddy,customer00073@example.com,9000000073,regular,2025-05-27,True
CUST00074,Priya Reddy,customer00074@example.com,9000000074,regular,2025-11-23,True
CUST00075,Rahul Reddy,customer00075@example.com,9000000075,regular,2025-09-12,True
CUST00076,Sneha Reddy,customer00076@example.com,9000000076,regular,2025-04-01,True
CUST00077,Karthik Reddy,customer00077@example.com,9000000077,regular,2025-06-02,True
CUST00078,Divya Reddy,customer00078@example.com,9000000078,premium,2025-11-05,True
CUST00079,Vijay Reddy,customer00079@example.com,9000000079,premium,2025-08-20,True
CUST00080,Ananya Reddy,customer00080@example.com,9000000080,premium,2025-05-21,True
CUST00081,Rohan Reddy,customer00081@example.com,9000000081,regular,2025-01-07,True
CUST00082,Meera Reddy,customer00082@example.com,9000000082,regular,2025-08-15,True
CUST00083,Suresh Reddy,customer00083@example.com,9000000083,regular,2025-10-08,True
CUST00084,Nisha Reddy,customer00084@example.com,9000000084,regular,2024-12-17,True
CUST00085,Amit Reddy,customer00085@example.com,9000000085,regular,2025-08-19,True
CUST00086,Kavya Reddy,customer00086@example.com,9000000086,regular,2025-01-27,True
CUST00087,Aditya Reddy,customer00087@example.com,9000000087,regular,2025-10-11,True
CUST00088,Pooja Reddy,customer00088@example.com,9000000088,walk_in,2025-02-06,True
CUST00089,Vivek Reddy,customer00089@example.com,9000000089,regular,2025-05-27,True
CUST00090,Ishita Reddy,customer00090@example.com,9000000090,regular,2025-04-17,True
CUST00091,Manoj Reddy,customer00091@example.com,9000000091,regular,2025-01-29,True
CUST00092,Neha Reddy,customer00092@example.com,9000000092,regular,2025-12-15,True
CUST00093,Harish Reddy,customer00093@example.com,9000000093,premium,2024-12-26,True
CUST00094,Swathi Reddy,customer00094@example.com,9000000094,regular,2025-01-02,True
CUST00095,Naveen Reddy,customer00095@example.com,9000000095,regular,2025-05-24,True
CUST00096,Asha Reddy,customer00096@example.com,9000000096,regular,2025-12-07,True
CUST00097,Arun Iyer,customer00097@example.com,9000000097,regular,2025-10-16,True
CUST00098,Priya Iyer,customer00098@example.com,9000000098,regular,2025-03-16,True
CUST00099,Rahul Iyer,customer00099@example.com,9000000099,regular,2025-11-02,True
CUST00100,Sneha Iyer,customer00100@example.com,9000000100,regular,2025-05-23,True
CUST00101,Karthik Iyer,customer00101@example.com,9000000101,wholesale,2024-12-04,True
CUST00102,Divya Iyer,customer00102@example.com,9000000102,regular,2025-11-20,True
CUST00103,Vijay Iyer,customer00103@example.com,9000000103,regular,2025-04-05,True
CUST00104,Ananya Iyer,customer00104@example.com,9000000104,premium,2025-01-12,True
CUST00105,Rohan Iyer,customer00105@example.com,9000000105,regular,2025-03-07,True
CUST00106,Meera Iyer,customer00106@example.com,9000000106,premium,2025-08-19,True
CUST00107,Suresh Iyer,customer00107@example.com,9000000107,premium,2025-04-06,True
CUST00108,Nisha Iyer,customer00108@example.com,9000000108,walk_in,2025-01-12,True
CUST00109,Amit Iyer,customer00109@example.com,9000000109,regular,2025-03-04,True
CUST00110,Kavya Iyer,customer00110@example.com,9000000110,regular,2024-12-15,True
CUST00111,Aditya Iyer,customer00111@example.com,9000000111,regular,2025-04-02,True
CUST00112,Pooja Iyer,customer00112@example.com,9000000112,wholesale,2025-10-25,True
CUST00113,Vivek Iyer,customer00113@example.com,9000000113,regular,2025-02-19,True
CUST00114,Ishita Iyer,customer00114@example.com,9000000114,regular,2025-12-13,True
CUST00115,Manoj Iyer,customer00115@example.com,9000000115,regular,2025-11-24,True
CUST00116,Neha Iyer,customer00116@example.com,9000000116,walk_in,2025-03-12,True
CUST00117,Harish Iyer,customer00117@example.com,9000000117,regular,2025-06-30,True
CUST00118,Swathi Iyer,customer00118@example.com,9000000118,regular,2024-12-18,True
CUST00119,Naveen Iyer,customer00119@example.com,9000000119,walk_in,2025-01-30,True
CUST00120,Asha Iyer,customer00120@example.com,9000000120,premium,2025-11-19,True
CUST00121,Arun Nair,customer00121@example.com,9000000121,walk_in,2025-02-27,True
CUST00122,Priya Nair,customer00122@example.com,9000000122,regular,2025-11-19,True
CUST00123,Rahul Nair,customer00123@example.com,9000000123,regular,2024-12-09,True
CUST00124,Sneha Nair,customer00124@example.com,9000000124,premium,2025-10-02,True
CUST00125,Karthik Nair,customer00125@example.com,9000000125,regular,2025-11-16,True
CUST00126,Divya Nair,customer00126@example.com,9000000126,premium,2025-01-07,True
CUST00127,Vijay Nair,customer00127@example.com,9000000127,regular,2024-12-03,True
CUST00128,Ananya Nair,customer00128@example.com,9000000128,regular,2025-12-06,True
CUST00129,Rohan Nair,customer00129@example.com,9000000129,regular,2024-12-27,True
CUST00130,Meera Nair,customer00130@example.com,9000000130,regular,2025-10-26,True
CUST00131,Suresh Nair,customer00131@example.com,9000000131,regular,2025-04-25,True
CUST00132,Nisha Nair,customer00132@example.com,9000000132,wholesale,2025-07-26,True
CUST00133,Amit Nair,customer00133@example.com,9000000133,regular,2025-03-22,True
CUST00134,Kavya Nair,customer00134@example.com,9000000134,premium,2025-04-02,True
CUST00135,Aditya Nair,customer00135@example.com,9000000135,walk_in,2025-06-16,True
CUST00136,Pooja Nair,customer00136@example.com,9000000136,regular,2025-06-17,True
CUST00137,Vivek Nair,customer00137@example.com,9000000137,regular,2025-02-08,True
CUST00138,Ishita Nair,customer00138@example.com,9000000138,regular,2025-03-01,True
CUST00139,Manoj Nair,customer00139@example.com,9000000139,premium,2025-12-19,True
CUST00140,Neha Nair,customer00140@example.com,9000000140,regular,2025-01-18,True
CUST00141,Harish Nair,customer00141@example.com,9000000141,premium,2025-09-30,True
CUST00142,Swathi Nair,customer00142@example.com,9000000142,regular,2025-07-19,True
CUST00143,Naveen Nair,customer00143@example.com,9000000143,wholesale,2024-12-10,True
CUST00144,Asha Nair,customer00144@example.com,9000000144,premium,2025-09-10,True
CUST00145,Arun Singh,customer00145@example.com,9000000145,regular,2025-05-21,True
CUST00146,Priya Singh,customer00146@example.com,9000000146,walk_in,2025-01-19,True
CUST00147,Rahul Singh,customer00147@example.com,9000000147,regular,2025-12-21,True
CUST00148,Sneha Singh,customer00148@example.com,9000000148,regular,2025-03-30,True
CUST00149,Karthik Singh,customer00149@example.com,9000000149,premium,2025-04-04,True
CUST00150,Divya Singh,customer00150@example.com,9000000150,regular,2025-12-14,True
CUST00151,Vijay Singh,customer00151@example.com,9000000151,walk_in,2025-06-16,True
CUST00152,Ananya Singh,customer00152@example.com,9000000152,regular,2024-12-10,True
CUST00153,Rohan Singh,customer00153@example.com,9000000153,premium,2025-10-29,True
CUST00154,Meera Singh,customer00154@example.com,9000000154,regular,2025-01-11,True
CUST00155,Suresh Singh,customer00155@example.com,9000000155,regular,2024-12-03,True
CUST00156,Nisha Singh,customer00156@example.com,9000000156,regular,2025-12-18,True
CUST00157,Amit Singh,customer00157@example.com,9000000157,walk_in,2025-09-19,True
CUST00158,Kavya Singh,customer00158@example.com,9000000158,regular,2025-10-15,True
CUST00159,Aditya Singh,customer00159@example.com,9000000159,premium,2025-11-01,True
CUST00160,Pooja Singh,customer00160@example.com,9000000160,regular,2024-12-08,True
CUST00161,Vivek Singh,customer00161@example.com,9000000161,wholesale,2025-03-10,True
CUST00162,Ishita Singh,customer00162@example.com,9000000162,regular,2025-10-12,True
CUST00163,Manoj Singh,customer00163@example.com,9000000163,regular,2025-09-29,True
CUST00164,Neha Singh,customer00164@example.com,9000000164,wholesale,2025-07-28,True
CUST00165,Harish Singh,customer00165@example.com,9000000165,regular,2025-03-25,True
CUST00166,Swathi Singh,customer00166@example.com,9000000166,regular,2025-05-13,True
CUST00167,Naveen Singh,customer00167@example.com,9000000167,regular,2025-01-15,True
CUST00168,Asha Singh,customer00168@example.com,9000000168,wholesale,2025-08-16,True
CUST00169,Arun Gupta,customer00169@example.com,9000000169,regular,2025-06-29,True
CUST00170,Priya Gupta,customer00170@example.com,9000000170,regular,2025-03-09,True
CUST00171,Rahul Gupta,customer00171@example.com,9000000171,premium,2025-10-29,True
CUST00172,Sneha Gupta,customer00172@example.com,9000000172,regular,2025-10-20,True
CUST00173,Karthik Gupta,customer00173@example.com,9000000173,regular,2025-06-07,True
CUST00174,Divya Gupta,customer00174@example.com,9000000174,regular,2025-07-24,True
CUST00175,Vijay Gupta,customer00175@example.com,9000000175,wholesale,2025-04-06,True
CUST00176,Ananya Gupta,customer00176@example.com,9000000176,regular,2025-04-02,True
CUST00177,Rohan Gupta,customer00177@example.com,9000000177,walk_in,2025-07-26,True
CUST00178,Meera Gupta,customer00178@example.com,9000000178,regular,2025-02-04,True
CUST00179,Suresh Gupta,customer00179@example.com,9000000179,regular,2025-05-30,True
CUST00180,Nisha Gupta,customer00180@example.com,9000000180,regular,2025-01-15,True
CUST00181,Amit Gupta,customer00181@example.com,9000000181,regular,2025-02-16,True
CUST00182,Kavya Gupta,customer00182@example.com,9000000182,regular,2025-02-08,True
CUST00183,Aditya Gupta,customer00183@example.com,9000000183,regular,2025-06-23,True
CUST00184,Pooja Gupta,customer00184@example.com,9000000184,regular,2025-08-27,True
CUST00185,Vivek Gupta,customer00185@example.com,9000000185,regular,2025-12-25,True
CUST00186,Ishita Gupta,customer00186@example.com,9000000186,wholesale,2025-06-18,True
CUST00187,Manoj Gupta,customer00187@example.com,9000000187,wholesale,2025-07-01,True
CUST00188,Neha Gupta,customer00188@example.com,9000000188,regular,2024-12-18,True
CUST00189,Harish Gupta,customer00189@example.com,9000000189,regular,2025-03-01,True
CUST00190,Swathi Gupta,customer00190@example.com,9000000190,regular,2025-03-09,True
CUST00191,Naveen Gupta,customer00191@example.com,9000000191,regular,2025-03-22,True
CUST00192,Asha Gupta,customer00192@example.com,9000000192,regular,2024-12-20,True
CUST00193,Arun Verma,customer00193@example.com,9000000193,regular,2025-11-19,True
CUST00194,Priya Verma,customer00194@example.com,9000000194,wholesale,2025-01-10,True
CUST00195,Rahul Verma,customer00195@example.com,9000000195,regular,2025-05-10,True
CUST00196,Sneha Verma,customer00196@example.com,9000000196,regular,2025-12-02,True
CUST00197,Karthik Verma,customer00197@example.com,9000000197,wholesale,2025-10-14,True
CUST00198,Divya Verma,customer00198@example.com,9000000198,walk_in,2025-11-23,True
CUST00199,Vijay Verma,customer00199@example.com,9000000199,wholesale,2025-07-18,True
CUST00200,Ananya Verma,customer00200@example.com,9000000200,premium,2025-10-05,True
CUST00201,Rohan Verma,customer00201@example.com,9000000201,premium,2025-09-19,True
CUST00202,Meera Verma,customer00202@example.com,9000000202,regular,2025-01-23,True
CUST00203,Suresh Verma,customer00203@example.com,9000000203,regular,2025-12-18,True
CUST00204,Nisha Verma,customer00204@example.com,9000000204,regular,2025-11-05,True
CUST00205,Amit Verma,customer00205@example.com,9000000205,regular,2025-08-29,True
CUST00206,Kavya Verma,customer00206@example.com,9000000206,regular,2025-08-11,True
CUST00207,Aditya Verma,customer00207@example.com,9000000207,regular,2025-05-21,True
CUST00208,Pooja Verma,customer00208@example.com,9000000208,regular,2025-06-08,True
CUST00209,Vivek Verma,customer00209@example.com,9000000209,regular,2025-04-13,True
CUST00210,Ishita Verma,customer00210@example.com,9000000210,regular,2025-04-25,True
CUST00211,Manoj Verma,customer00211@example.com,9000000211,regular,2025-05-21,True
CUST00212,Neha Verma,customer00212@example.com,9000000212,premium,2025-04-30,True
CUST00213,Harish Verma,customer00213@example.com,9000000213,regular,2025-10-10,True
CUST00214,Swathi Verma,customer00214@example.com,9000000214,walk_in,2025-12-11,True
CUST00215,Naveen Verma,customer00215@example.com,9000000215,regular,2025-10-02,True
CUST00216,Asha Verma,customer00216@example.com,9000000216,regular,2025-04-10,True
CUST00217,Arun Rao,customer00217@example.com,9000000217,wholesale,2025-06-12,True
CUST00218,Priya Rao,customer00218@example.com,9000000218,wholesale,2025-08-16,True
CUST00219,Rahul Rao,customer00219@example.com,9000000219,regular,2025-09-30,True
CUST00220,Sneha Rao,customer00220@example.com,9000000220,regular,2025-08-08,True
CUST00221,Karthik Rao,customer00221@example.com,9000000221,premium,2024-12-14,True
CUST00222,Divya Rao,customer00222@example.com,9000000222,premium,2025-02-19,True
CUST00223,Vijay Rao,customer00223@example.com,9000000223,wholesale,2025-11-29,True
CUST00224,Ananya Rao,customer00224@example.com,9000000224,regular,2025-01-22,True
CUST00225,Rohan Rao,customer00225@example.com,9000000225,regular,2025-08-04,True
CUST00226,Meera Rao,customer00226@example.com,9000000226,regular,2025-09-14,True
CUST00227,Suresh Rao,customer00227@example.com,9000000227,walk_in,2025-09-13,True
CUST00228,Nisha Rao,customer00228@example.com,9000000228,walk_in,2025-01-24,True
CUST00229,Amit Rao,customer00229@example.com,9000000229,wholesale,2025-05-11,True
CUST00230,Kavya Rao,customer00230@example.com,9000000230,premium,2025-07-24,True
CUST00231,Aditya Rao,customer00231@example.com,9000000231,premium,2025-12-04,True
CUST00232,Pooja Rao,customer00232@example.com,9000000232,regular,2025-12-10,True
CUST00233,Vivek Rao,customer00233@example.com,9000000233,regular,2024-12-20,True
CUST00234,Ishita Rao,customer00234@example.com,9000000234,regular,2025-01-07,True
CUST00235,Manoj Rao,customer00235@example.com,9000000235,regular,2025-01-21,True
CUST00236,Neha Rao,customer00236@example.com,9000000236,regular,2025-07-12,True
CUST00237,Harish Rao,customer00237@example.com,9000000237,regular,2025-08-26,True
CUST00238,Swathi Rao,customer00238@example.com,9000000238,premium,2025-06-25,True
CUST00239,Naveen Rao,customer00239@example.com,9000000239,premium,2025-06-24,True
CUST00240,Asha Rao,customer00240@example.com,9000000240,regular,2025-06-13,True
CUST00241,Arun Das,customer00241@example.com,9000000241,walk_in,2025-10-31,True
CUST00242,Priya Das,customer00242@example.com,9000000242,regular,2025-01-17,True
CUST00243,Rahul Das,customer00243@example.com,9000000243,regular,2025-06-12,True
CUST00244,Sneha Das,customer00244@example.com,9000000244,regular,2025-08-18,True
CUST00245,Karthik Das,customer00245@example.com,9000000245,premium,2025-02-21,True
CUST00246,Divya Das,customer00246@example.com,9000000246,regular,2025-08-23,True
CUST00247,Vijay Das,customer00247@example.com,9000000247,walk_in,2025-10-20,True
CUST00248,Ananya Das,customer00248@example.com,9000000248,regular,2025-09-28,True
CUST00249,Rohan Das,customer00249@example.com,9000000249,regular,2025-06-29,True
CUST00250,Meera Das,customer00250@example.com,9000000250,regular,2025-04-04,True
CUST00251,Suresh Das,customer00251@example.com,9000000251,regular,2025-01-04,True
CUST00252,Nisha Das,customer00252@example.com,9000000252,regular,2025-12-06,True
CUST00253,Amit Das,customer00253@example.com,9000000253,regular,2025-01-20,True
CUST00254,Kavya Das,customer00254@example.com,9000000254,regular,2025-09-15,True
CUST00255,Aditya Das,customer00255@example.com,9000000255,walk_in,2025-04-22,True
CUST00256,Pooja Das,customer00256@example.com,9000000256,regular,2025-10-05,True
CUST00257,Vivek Das,customer00257@example.com,9000000257,regular,2025-08-16,True
CUST00258,Ishita Das,customer00258@example.com,9000000258,premium,2025-12-26,True
CUST00259,Manoj Das,customer00259@example.com,9000000259,walk_in,2025-05-17,True
CUST00260,Neha Das,customer00260@example.com,9000000260,wholesale,2025-01-16,True
CUST00261,Harish Das,customer00261@example.com,9000000261,premium,2025-01-18,True
CUST00262,Swathi Das,customer00262@example.com,9000000262,regular,2025-01-18,True
CUST00263,Naveen Das,customer00263@example.com,9000000263,premium,2025-07-04,True
CUST00264,Asha Das,customer00264@example.com,9000000264,regular,2024-12-05,True
CUST00265,Arun Mehta,customer00265@example.com,9000000265,wholesale,2025-05-20,True
CUST00266,Priya Mehta,customer00266@example.com,9000000266,regular,2025-03-27,True
CUST00267,Rahul Mehta,customer00267@example.com,9000000267,regular,2024-12-05,True
CUST00268,Sneha Mehta,customer00268@example.com,9000000268,walk_in,2025-03-30,True
CUST00269,Karthik Mehta,customer00269@example.com,9000000269,premium,2025-07-04,True
CUST00270,Divya Mehta,customer00270@example.com,9000000270,walk_in,2025-01-13,True
CUST00271,Vijay Mehta,customer00271@example.com,9000000271,wholesale,2025-08-29,True
CUST00272,Ananya Mehta,customer00272@example.com,9000000272,wholesale,2025-03-23,True
CUST00273,Rohan Mehta,customer00273@example.com,9000000273,regular,2025-08-21,True
CUST00274,Meera Mehta,customer00274@example.com,9000000274,premium,2025-12-31,True
CUST00275,Suresh Mehta,customer00275@example.com,9000000275,premium,2025-08-04,True
CUST00276,Nisha Mehta,customer00276@example.com,9000000276,walk_in,2025-01-05,True
CUST00277,Amit Mehta,customer00277@example.com,9000000277,regular,2025-03-08,True
CUST00278,Kavya Mehta,customer00278@example.com,9000000278,regular,2025-03-06,True
CUST00279,Aditya Mehta,customer00279@example.com,9000000279,premium,2025-10-17,True
CUST00280,Pooja Mehta,customer00280@example.com,9000000280,walk_in,2025-02-17,True
CUST00281,Vivek Mehta,customer00281@example.com,9000000281,premium,2025-11-26,True
CUST00282,Ishita Mehta,customer00282@example.com,9000000282,regular,2024-12-15,True
CUST00283,Manoj Mehta,customer00283@example.com,9000000283,regular,2025-10-21,True
CUST00284,Neha Mehta,customer00284@example.com,9000000284,wholesale,2025-07-28,True
CUST00285,Harish Mehta,customer00285@example.com,9000000285,regular,2025-03-24,True
CUST00286,Swathi Mehta,customer00286@example.com,9000000286,regular,2025-11-02,True
CUST00287,Naveen Mehta,customer00287@example.com,9000000287,wholesale,2025-12-19,True
CUST00288,Asha Mehta,customer00288@example.com,9000000288,premium,2025-12-03,True
CUST00289,Arun Joshi,customer00289@example.com,9000000289,premium,2025-10-21,True
CUST00290,Priya Joshi,customer00290@example.com,9000000290,regular,2025-10-28,True
CUST00291,Rahul Joshi,customer00291@example.com,9000000291,regular,2025-01-15,True
CUST00292,Sneha Joshi,customer00292@example.com,9000000292,regular,2025-01-19,True
CUST00293,Karthik Joshi,customer00293@example.com,9000000293,premium,2025-07-06,True
CUST00294,Divya Joshi,customer00294@example.com,9000000294,wholesale,2025-08-07,True
CUST00295,Vijay Joshi,customer00295@example.com,9000000295,regular,2025-10-19,True
CUST00296,Ananya Joshi,customer00296@example.com,9000000296,regular,2025-09-17,True
CUST00297,Rohan Joshi,customer00297@example.com,9000000297,regular,2025-01-09,True
CUST00298,Meera Joshi,customer00298@example.com,9000000298,walk_in,2025-09-08,True
CUST00299,Suresh Joshi,customer00299@example.com,9000000299,regular,2025-06-20,True
CUST00300,Nisha Joshi,customer00300@example.com,9000000300,regular,2024-12-22,True
CUST00301,Amit Joshi,customer00301@example.com,9000000301,regular,2025-02-25,True
CUST00302,Kavya Joshi,customer00302@example.com,9000000302,premium,2025-11-16,True
CUST00303,Aditya Joshi,customer00303@example.com,9000000303,regular,2025-04-26,True
CUST00304,Pooja Joshi,customer00304@example.com,9000000304,regular,2025-01-06,True
CUST00305,Vivek Joshi,customer00305@example.com,9000000305,walk_in,2025-07-23,True
CUST00306,Ishita Joshi,customer00306@example.com,9000000306,premium,2025-05-31,True
CUST00307,Manoj Joshi,customer00307@example.com,9000000307,premium,2025-11-11,True
CUST00308,Neha Joshi,customer00308@example.com,9000000308,regular,2025-07-15,True
CUST00309,Harish Joshi,customer00309@example.com,9000000309,walk_in,2025-07-03,True
CUST00310,Swathi Joshi,customer00310@example.com,9000000310,regular,2025-03-30,True
CUST00311,Naveen Joshi,customer00311@example.com,9000000311,premium,2025-03-12,True
CUST00312,Asha Joshi,customer00312@example.com,9000000312,walk_in,2025-08-15,True
CUST00313,Arun Pillai,customer00313@example.com,9000000313,regular,2025-06-01,True
CUST00314,Priya Pillai,customer00314@example.com,9000000314,regular,2025-06-20,True
CUST00315,Rahul Pillai,customer00315@example.com,9000000315,regular,2025-01-21,True
CUST00316,Sneha Pillai,customer00316@example.com,9000000316,regular,2025-01-17,True
CUST00317,Karthik Pillai,customer00317@example.com,9000000317,regular,2025-01-06,True
CUST00318,Divya Pillai,customer00318@example.com,9000000318,regular,2025-03-31,True
CUST00319,Vijay Pillai,customer00319@example.com,9000000319,regular,2025-05-08,True
CUST00320,Ananya Pillai,customer00320@example.com,9000000320,regular,2025-08-09,True
CUST00321,Rohan Pillai,customer00321@example.com,9000000321,regular,2025-10-29,True
CUST00322,Meera Pillai,customer00322@example.com,9000000322,regular,2025-02-25,True
CUST00323,Suresh Pillai,customer00323@example.com,9000000323,regular,2025-11-30,True
CUST00324,Nisha Pillai,customer00324@example.com,9000000324,regular,2024-12-15,True
CUST00325,Amit Pillai,customer00325@example.com,9000000325,regular,2025-01-28,True
CUST00326,Kavya Pillai,customer00326@example.com,9000000326,regular,2025-02-28,True
CUST00327,Aditya Pillai,customer00327@example.com,9000000327,regular,2025-07-22,True
CUST00328,Pooja Pillai,customer00328@example.com,9000000328,premium,2025-09-04,True
CUST00329,Vivek Pillai,customer00329@example.com,9000000329,premium,2025-08-02,True
CUST00330,Ishita Pillai,customer00330@example.com,9000000330,premium,2025-04-05,True
CUST00331,Manoj Pillai,customer00331@example.com,9000000331,regular,2025-02-17,True
CUST00332,Neha Pillai,customer00332@example.com,9000000332,premium,2025-05-20,True
CUST00333,Harish Pillai,customer00333@example.com,9000000333,regular,2025-12-16,True
CUST00334,Swathi Pillai,customer00334@example.com,9000000334,premium,2025-06-22,True
CUST00335,Naveen Pillai,customer00335@example.com,9000000335,walk_in,2025-01-20,True
CUST00336,Asha Pillai,customer00336@example.com,9000000336,regular,2025-11-30,True
CUST00337,Arun Menon,customer00337@example.com,9000000337,regular,2025-03-17,True
CUST00338,Priya Menon,customer00338@example.com,9000000338,regular,2025-10-13,True
CUST00339,Rahul Menon,customer00339@example.com,9000000339,wholesale,2025-05-02,True
CUST00340,Sneha Menon,customer00340@example.com,9000000340,regular,2025-06-14,True
CUST00341,Karthik Menon,customer00341@example.com,9000000341,regular,2025-11-09,True
CUST00342,Divya Menon,customer00342@example.com,9000000342,regular,2025-10-30,True
CUST00343,Vijay Menon,customer00343@example.com,9000000343,regular,2025-07-12,True
CUST00344,Ananya Menon,customer00344@example.com,9000000344,regular,2025-04-12,True
CUST00345,Rohan Menon,customer00345@example.com,9000000345,regular,2024-12-27,True
CUST00346,Meera Menon,customer00346@example.com,9000000346,regular,2025-09-21,True
CUST00347,Suresh Menon,customer00347@example.com,9000000347,wholesale,2025-09-06,True
CUST00348,Nisha Menon,customer00348@example.com,9000000348,regular,2025-11-05,True
CUST00349,Amit Menon,customer00349@example.com,9000000349,regular,2025-03-05,True
CUST00350,Kavya Menon,customer00350@example.com,9000000350,regular,2025-07-26,True
CUST00351,Aditya Menon,customer00351@example.com,9000000351,regular,2025-06-17,True
CUST00352,Pooja Menon,customer00352@example.com,9000000352,walk_in,2025-12-15,True
CUST00353,Vivek Menon,customer00353@example.com,9000000353,premium,2025-05-18,True
CUST00354,Ishita Menon,customer00354@example.com,9000000354,premium,2025-04-03,True
CUST00355,Manoj Menon,customer00355@example.com,9000000355,premium,2025-09-25,True
CUST00356,Neha Menon,customer00356@example.com,9000000356,premium,2025-05-03,True
CUST00357,Harish Menon,customer00357@example.com,9000000357,regular,2025-08-25,True
CUST00358,Swathi Menon,customer00358@example.com,9000000358,regular,2025-02-21,True
CUST00359,Naveen Menon,customer00359@example.com,9000000359,regular,2025-09-08,True
CUST00360,Asha Menon,customer00360@example.com,9000000360,wholesale,2025-02-04,True
CUST00361,Arun Bose,customer00361@example.com,9000000361,walk_in,2025-12-15,True
CUST00362,Priya Bose,customer00362@example.com,9000000362,wholesale,2025-07-09,True
CUST00363,Rahul Bose,customer00363@example.com,9000000363,walk_in,2025-08-15,True
CUST00364,Sneha Bose,customer00364@example.com,9000000364,regular,2025-01-26,True
CUST00365,Karthik Bose,customer00365@example.com,9000000365,regular,2025-04-10,True
CUST00366,Divya Bose,customer00366@example.com,9000000366,premium,2025-01-01,True
CUST00367,Vijay Bose,customer00367@example.com,9000000367,regular,2025-06-08,True
CUST00368,Ananya Bose,customer00368@example.com,9000000368,regular,2025-06-04,True
CUST00369,Rohan Bose,customer00369@example.com,9000000369,regular,2025-03-07,True
CUST00370,Meera Bose,customer00370@example.com,9000000370,regular,2025-11-25,True
CUST00371,Suresh Bose,customer00371@example.com,9000000371,regular,2025-02-15,True
CUST00372,Nisha Bose,customer00372@example.com,9000000372,regular,2025-03-26,True
CUST00373,Amit Bose,customer00373@example.com,9000000373,regular,2025-09-13,True
CUST00374,Kavya Bose,customer00374@example.com,9000000374,regular,2025-06-14,True
CUST00375,Aditya Bose,customer00375@example.com,9000000375,regular,2025-10-29,True
CUST00376,Pooja Bose,customer00376@example.com,9000000376,premium,2025-10-31,True
CUST00377,Vivek Bose,customer00377@example.com,9000000377,premium,2025-05-11,True
CUST00378,Ishita Bose,customer00378@example.com,9000000378,premium,2025-08-23,True
CUST00379,Manoj Bose,customer00379@example.com,9000000379,regular,2025-09-14,True
CUST00380,Neha Bose,customer00380@example.com,9000000380,regular,2025-04-25,True
CUST00381,Harish Bose,customer00381@example.com,9000000381,regular,2025-12-04,True
CUST00382,Swathi Bose,customer00382@example.com,9000000382,regular,2025-10-31,True
CUST00383,Naveen Bose,customer00383@example.com,9000000383,premium,2025-08-30,True
CUST00384,Asha Bose,customer00384@example.com,9000000384,regular,2025-11-03,True
CUST00385,Arun Kumar,customer00385@example.com,9000000385,walk_in,2025-03-31,True
CUST00386,Priya Kumar,customer00386@example.com,9000000386,wholesale,2025-07-21,True
CUST00387,Rahul Kumar,customer00387@example.com,9000000387,regular,2025-07-19,True
CUST00388,Sneha Kumar,customer00388@example.com,9000000388,regular,2025-06-16,True
CUST00389,Karthik Kumar,customer00389@example.com,9000000389,regular,2024-12-09,True
CUST00390,Divya Kumar,customer00390@example.com,9000000390,walk_in,2025-05-07,True
CUST00391,Vijay Kumar,customer00391@example.com,9000000391,premium,2025-05-05,True
CUST00392,Ananya Kumar,customer00392@example.com,9000000392,regular,2025-02-09,True
CUST00393,Rohan Kumar,customer00393@example.com,9000000393,regular,2025-03-13,True
CUST00394,Meera Kumar,customer00394@example.com,9000000394,walk_in,2024-12-10,True
CUST00395,Suresh Kumar,customer00395@example.com,9000000395,regular,2025-05-16,True
CUST00396,Nisha Kumar,customer00396@example.com,9000000396,regular,2025-04-01,True
CUST00397,Amit Kumar,customer00397@example.com,9000000397,regular,2025-05-14,True
CUST00398,Kavya Kumar,customer00398@example.com,9000000398,premium,2025-03-21,True
CUST00399,Aditya Kumar,customer00399@example.com,9000000399,premium,2025-09-09,True
CUST00400,Pooja Kumar,customer00400@example.com,9000000400,premium,2025-12-24,True
CUST00401,Vivek Kumar,customer00401@example.com,9000000401,regular,2025-12-25,True
CUST00402,Ishita Kumar,customer00402@example.com,9000000402,walk_in,2025-09-28,True
CUST00403,Manoj Kumar,customer00403@example.com,9000000403,premium,2025-03-23,True
CUST00404,Neha Kumar,customer00404@example.com,9000000404,premium,2025-12-17,True
CUST00405,Harish Kumar,customer00405@example.com,9000000405,wholesale,2024-12-30,True
CUST00406,Swathi Kumar,customer00406@example.com,9000000406,premium,2025-01-15,True
CUST00407,Naveen Kumar,customer00407@example.com,9000000407,regular,2025-08-15,True
CUST00408,Asha Kumar,customer00408@example.com,9000000408,premium,2025-07-08,True
CUST00409,Arun Sharma,customer00409@example.com,9000000409,walk_in,2025-01-12,True
CUST00410,Priya Sharma,customer00410@example.com,9000000410,regular,2025-12-25,True
CUST00411,Rahul Sharma,customer00411@example.com,9000000411,premium,2025-12-20,True
CUST00412,Sneha Sharma,customer00412@example.com,9000000412,regular,2025-09-23,True
CUST00413,Karthik Sharma,customer00413@example.com,9000000413,regular,2025-03-28,True
CUST00414,Divya Sharma,customer00414@example.com,9000000414,premium,2024-12-17,True
CUST00415,Vijay Sharma,customer00415@example.com,9000000415,regular,2025-11-12,True
CUST00416,Ananya Sharma,customer00416@example.com,9000000416,regular,2025-12-26,True
CUST00417,Rohan Sharma,customer00417@example.com,9000000417,walk_in,2025-03-06,True
CUST00418,Meera Sharma,customer00418@example.com,9000000418,premium,2025-05-12,True
CUST00419,Suresh Sharma,customer00419@example.com,9000000419,regular,2025-02-26,True
CUST00420,Nisha Sharma,customer00420@example.com,9000000420,wholesale,2025-07-08,True
CUST00421,Amit Sharma,customer00421@example.com,9000000421,walk_in,2025-05-26,True
CUST00422,Kavya Sharma,customer00422@example.com,9000000422,regular,2025-10-22,True
CUST00423,Aditya Sharma,customer00423@example.com,9000000423,regular,2025-12-13,True
CUST00424,Pooja Sharma,customer00424@example.com,9000000424,regular,2024-12-20,True
CUST00425,Vivek Sharma,customer00425@example.com,9000000425,premium,2025-09-29,True
CUST00426,Ishita Sharma,customer00426@example.com,9000000426,premium,2025-09-09,True
CUST00427,Manoj Sharma,customer00427@example.com,9000000427,wholesale,2025-09-19,True
CUST00428,Neha Sharma,customer00428@example.com,9000000428,wholesale,2025-09-19,True
CUST00429,Harish Sharma,customer00429@example.com,9000000429,regular,2025-11-25,True
CUST00430,Swathi Sharma,customer00430@example.com,9000000430,premium,2025-03-03,True
CUST00431,Naveen Sharma,customer00431@example.com,9000000431,wholesale,2025-05-25,True
CUST00432,Asha Sharma,customer00432@example.com,9000000432,regular,2024-12-02,True
CUST00433,Arun Patel,customer00433@example.com,9000000433,premium,2025-06-29,True
CUST00434,Priya Patel,customer00434@example.com,9000000434,regular,2024-12-12,True
CUST00435,Rahul Patel,customer00435@example.com,9000000435,walk_in,2025-07-30,True
CUST00436,Sneha Patel,customer00436@example.com,9000000436,regular,2025-08-23,True
CUST00437,Karthik Patel,customer00437@example.com,9000000437,wholesale,2025-06-26,True
CUST00438,Divya Patel,customer00438@example.com,9000000438,wholesale,2025-04-17,True
CUST00439,Vijay Patel,customer00439@example.com,9000000439,regular,2025-09-08,True
CUST00440,Ananya Patel,customer00440@example.com,9000000440,regular,2025-07-22,True
CUST00441,Rohan Patel,customer00441@example.com,9000000441,regular,2025-07-06,True
CUST00442,Meera Patel,customer00442@example.com,9000000442,regular,2025-11-17,True
CUST00443,Suresh Patel,customer00443@example.com,9000000443,regular,2025-08-25,True
CUST00444,Nisha Patel,customer00444@example.com,9000000444,premium,2025-04-15,True
CUST00445,Amit Patel,customer00445@example.com,9000000445,wholesale,2025-06-30,True
CUST00446,Kavya Patel,customer00446@example.com,9000000446,regular,2025-12-31,True
CUST00447,Aditya Patel,customer00447@example.com,9000000447,regular,2025-06-30,True
CUST00448,Pooja Patel,customer00448@example.com,9000000448,regular,2025-01-24,True
CUST00449,Vivek Patel,customer00449@example.com,9000000449,walk_in,2025-11-04,True
CUST00450,Ishita Patel,customer00450@example.com,9000000450,regular,2025-09-04,True
CUST00451,Manoj Patel,customer00451@example.com,9000000451,regular,2025-06-15,True
CUST00452,Neha Patel,customer00452@example.com,9000000452,regular,2025-11-28,True
CUST00453,Harish Patel,customer00453@example.com,9000000453,regular,2025-01-10,True
CUST00454,Swathi Patel,customer00454@example.com,9000000454,regular,2025-04-24,True
CUST00455,Naveen Patel,customer00455@example.com,9000000455,regular,2025-07-08,True
CUST00456,Asha Patel,customer00456@example.com,9000000456,regular,2024-12-07,True
CUST00457,Arun Reddy,customer00457@example.com,9000000457,premium,2025-11-14,True
CUST00458,Priya Reddy,customer00458@example.com,9000000458,regular,2025-04-15,True
CUST00459,Rahul Reddy,customer00459@example.com,9000000459,walk_in,2025-12-17,True
CUST00460,Sneha Reddy,customer00460@example.com,9000000460,regular,2025-09-24,True
CUST00461,Karthik Reddy,customer00461@example.com,9000000461,regular,2025-04-17,True
CUST00462,Divya Reddy,customer00462@example.com,9000000462,regular,2025-11-21,True
CUST00463,Vijay Reddy,customer00463@example.com,9000000463,regular,2025-11-18,True
CUST00464,Ananya Reddy,customer00464@example.com,9000000464,regular,2025-11-25,True
CUST00465,Rohan Reddy,customer00465@example.com,9000000465,premium,2025-02-24,True
CUST00466,Meera Reddy,customer00466@example.com,9000000466,premium,2025-07-22,True
CUST00467,Suresh Reddy,customer00467@example.com,9000000467,regular,2025-11-04,True
CUST00468,Nisha Reddy,customer00468@example.com,9000000468,regular,2025-03-06,True
CUST00469,Amit Reddy,customer00469@example.com,9000000469,regular,2025-04-17,True
CUST00470,Kavya Reddy,customer00470@example.com,9000000470,regular,2025-11-12,True
CUST00471,Aditya Reddy,customer00471@example.com,9000000471,regular,2025-03-10,True
CUST00472,Pooja Reddy,customer00472@example.com,9000000472,premium,2025-10-10,True
CUST00473,Vivek Reddy,customer00473@example.com,9000000473,regular,2025-11-06,True
CUST00474,Ishita Reddy,customer00474@example.com,9000000474,walk_in,2025-06-07,True
CUST00475,Manoj Reddy,customer00475@example.com,9000000475,premium,2025-03-12,True
CUST00476,Neha Reddy,customer00476@example.com,9000000476,walk_in,2025-10-19,True
CUST00477,Harish Reddy,customer00477@example.com,9000000477,premium,2025-06-05,True
CUST00478,Swathi Reddy,customer00478@example.com,9000000478,regular,2025-02-12,True
CUST00479,Naveen Reddy,customer00479@example.com,9000000479,regular,2025-05-19,True
CUST00480,Asha Reddy,customer00480@example.com,9000000480,walk_in,2025-08-16,True
CUST00481,Arun Iyer,customer00481@example.com,9000000481,regular,2025-12-06,True
CUST00482,Priya Iyer,customer00482@example.com,9000000482,regular,2025-05-21,True
CUST00483,Rahul Iyer,customer00483@example.com,9000000483,walk_in,2025-09-19,True
CUST00484,Sneha Iyer,customer00484@example.com,9000000484,regular,2025-01-10,True
CUST00485,Karthik Iyer,customer00485@example.com,9000000485,regular,2025-07-15,True
CUST00486,Divya Iyer,customer00486@example.com,9000000486,regular,2024-12-26,True
CUST00487,Vijay Iyer,customer00487@example.com,9000000487,regular,2025-10-09,True
CUST00488,Ananya Iyer,customer00488@example.com,9000000488,regular,2025-04-03,True
CUST00489,Rohan Iyer,customer00489@example.com,9000000489,regular,2025-08-09,True
CUST00490,Meera Iyer,customer00490@example.com,9000000490,regular,2025-05-02,True
CUST00491,Suresh Iyer,customer00491@example.com,9000000491,premium,2025-05-27,True
CUST00492,Nisha Iyer,customer00492@example.com,9000000492,regular,2025-02-20,True
CUST00493,Amit Iyer,customer00493@example.com,9000000493,regular,2025-03-02,True
CUST00494,Kavya Iyer,customer00494@example.com,9000000494,regular,2025-05-14,True
CUST00495,Aditya Iyer,customer00495@example.com,9000000495,regular,2025-05-14,True
CUST00496,Pooja Iyer,customer00496@example.com,9000000496,regular,2025-11-07,True
CUST00497,Vivek Iyer,customer00497@example.com,9000000497,regular,2025-03-19,True
CUST00498,Ishita Iyer,customer00498@example.com,9000000498,regular,2025-06-12,True
CUST00499,Manoj Iyer,customer00499@example.com,9000000499,regular,2025-07-07,True
CUST00500,Neha Iyer,customer00500@example.com,9000000500,wholesale,2025-10-06,True
CUST00501,Harish Iyer,customer00501@example.com,9000000501,regular,2025-03-01,True
CUST00502,Swathi Iyer,customer00502@example.com,9000000502,regular,2025-04-07,True
CUST00503,Naveen Iyer,customer00503@example.com,9000000503,regular,2025-11-07,True
CUST00504,Asha Iyer,customer00504@example.com,9000000504,regular,2025-08-28,True
CUST00505,Arun Nair,customer00505@example.com,9000000505,regular,2025-03-08,True
CUST00506,Priya Nair,customer00506@example.com,9000000506,regular,2025-12-04,True
CUST00507,Rahul Nair,customer00507@example.com,9000000507,regular,2025-11-08,True
CUST00508,Sneha Nair,customer00508@example.com,9000000508,regular,2025-09-08,True
CUST00509,Karthik Nair,customer00509@example.com,9000000509,regular,2025-04-06,True
CUST00510,Divya Nair,customer00510@example.com,9000000510,walk_in,2025-01-24,True
CUST00511,Vijay Nair,customer00511@example.com,9000000511,regular,2025-12-05,True
CUST00512,Ananya Nair,customer00512@example.com,9000000512,regular,2025-02-13,True
CUST00513,Rohan Nair,customer00513@example.com,9000000513,regular,2025-09-06,True
CUST00514,Meera Nair,customer00514@example.com,9000000514,regular,2025-08-03,True
CUST00515,Suresh Nair,customer00515@example.com,9000000515,regular,2025-03-02,True
CUST00516,Nisha Nair,customer00516@example.com,9000000516,wholesale,2025-07-22,True
CUST00517,Amit Nair,customer00517@example.com,9000000517,regular,2025-03-22,True
CUST00518,Kavya Nair,customer00518@example.com,9000000518,regular,2025-11-03,True
CUST00519,Aditya Nair,customer00519@example.com,9000000519,regular,2025-11-21,True
CUST00520,Pooja Nair,customer00520@example.com,9000000520,wholesale,2025-10-03,True
CUST00521,Vivek Nair,customer00521@example.com,9000000521,regular,2025-03-09,True
CUST00522,Ishita Nair,customer00522@example.com,9000000522,regular,2025-11-29,True
CUST00523,Manoj Nair,customer00523@example.com,9000000523,regular,2025-11-26,True
CUST00524,Neha Nair,customer00524@example.com,9000000524,regular,2025-12-25,True
CUST00525,Harish Nair,customer00525@example.com,9000000525,wholesale,2025-01-28,True
CUST00526,Swathi Nair,customer00526@example.com,9000000526,premium,2025-04-06,True
CUST00527,Naveen Nair,customer00527@example.com,9000000527,regular,2025-03-28,True
CUST00528,Asha Nair,customer00528@example.com,9000000528,regular,2025-02-24,True
CUST00529,Arun Singh,customer00529@example.com,9000000529,regular,2025-10-23,True
CUST00530,Priya Singh,customer00530@example.com,9000000530,regular,2024-12-31,True
CUST00531,Rahul Singh,customer00531@example.com,9000000531,regular,2025-05-01,True
CUST00532,Sneha Singh,customer00532@example.com,9000000532,regular,2024-12-08,True
CUST00533,Karthik Singh,customer00533@example.com,9000000533,premium,2025-10-31,True
CUST00534,Divya Singh,customer00534@example.com,9000000534,premium,2025-09-07,True
CUST00535,Vijay Singh,customer00535@example.com,9000000535,regular,2025-01-19,True
CUST00536,Ananya Singh,customer00536@example.com,9000000536,regular,2025-11-18,True
CUST00537,Rohan Singh,customer00537@example.com,9000000537,regular,2025-10-04,True
CUST00538,Meera Singh,customer00538@example.com,9000000538,premium,2025-01-26,True
CUST00539,Suresh Singh,customer00539@example.com,9000000539,regular,2025-10-11,True
CUST00540,Nisha Singh,customer00540@example.com,9000000540,walk_in,2025-06-19,True
CUST00541,Amit Singh,customer00541@example.com,9000000541,regular,2025-12-01,True
CUST00542,Kavya Singh,customer00542@example.com,9000000542,walk_in,2024-12-07,True
CUST00543,Aditya Singh,customer00543@example.com,9000000543,regular,2025-05-03,True
CUST00544,Pooja Singh,customer00544@example.com,9000000544,walk_in,2025-01-20,True
CUST00545,Vivek Singh,customer00545@example.com,9000000545,walk_in,2025-05-14,True
CUST00546,Ishita Singh,customer00546@example.com,9000000546,premium,2025-07-01,True
CUST00547,Manoj Singh,customer00547@example.com,9000000547,regular,2025-09-12,True
CUST00548,Neha Singh,customer00548@example.com,9000000548,regular,2024-12-21,True
CUST00549,Harish Singh,customer00549@example.com,9000000549,regular,2025-04-16,True
CUST00550,Swathi Singh,customer00550@example.com,9000000550,wholesale,2025-08-20,True
CUST00551,Naveen Singh,customer00551@example.com,9000000551,regular,2024-12-21,True
CUST00552,Asha Singh,customer00552@example.com,9000000552,regular,2025-07-24,True
CUST00553,Arun Gupta,customer00553@example.com,9000000553,wholesale,2025-10-29,True
CUST00554,Priya Gupta,customer00554@example.com,9000000554,regular,2025-03-11,True
CUST00555,Rahul Gupta,customer00555@example.com,9000000555,regular,2025-06-27,True
CUST00556,Sneha Gupta,customer00556@example.com,9000000556,premium,2025-05-06,True
CUST00557,Karthik Gupta,customer00557@example.com,9000000557,premium,2025-09-29,True
CUST00558,Divya Gupta,customer00558@example.com,9000000558,premium,2025-07-13,True
CUST00559,Vijay Gupta,customer00559@example.com,9000000559,walk_in,2025-01-29,True
CUST00560,Ananya Gupta,customer00560@example.com,9000000560,regular,2025-05-16,True
CUST00561,Rohan Gupta,customer00561@example.com,9000000561,regular,2024-12-14,True
CUST00562,Meera Gupta,customer00562@example.com,9000000562,regular,2025-10-12,True
CUST00563,Suresh Gupta,customer00563@example.com,9000000563,regular,2025-12-08,True
CUST00564,Nisha Gupta,customer00564@example.com,9000000564,walk_in,2025-01-07,True
CUST00565,Amit Gupta,customer00565@example.com,9000000565,regular,2025-02-02,True
CUST00566,Kavya Gupta,customer00566@example.com,9000000566,regular,2025-08-28,True
CUST00567,Aditya Gupta,customer00567@example.com,9000000567,walk_in,2025-03-16,True
CUST00568,Pooja Gupta,customer00568@example.com,9000000568,regular,2025-02-09,True
CUST00569,Vivek Gupta,customer00569@example.com,9000000569,wholesale,2025-12-25,True
CUST00570,Ishita Gupta,customer00570@example.com,9000000570,regular,2025-11-27,True
CUST00571,Manoj Gupta,customer00571@example.com,9000000571,regular,2025-11-14,True
CUST00572,Neha Gupta,customer00572@example.com,9000000572,wholesale,2025-09-17,True
CUST00573,Harish Gupta,customer00573@example.com,9000000573,regular,2025-05-13,True
CUST00574,Swathi Gupta,customer00574@example.com,9000000574,premium,2025-06-23,True
CUST00575,Naveen Gupta,customer00575@example.com,9000000575,premium,2025-06-30,True
CUST00576,Asha Gupta,customer00576@example.com,9000000576,regular,2025-10-07,True
CUST00577,Arun Verma,customer00577@example.com,9000000577,regular,2025-10-05,True
CUST00578,Priya Verma,customer00578@example.com,9000000578,wholesale,2025-11-23,True
CUST00579,Rahul Verma,customer00579@example.com,9000000579,premium,2025-06-18,True
CUST00580,Sneha Verma,customer00580@example.com,9000000580,regular,2025-01-09,True
CUST00581,Karthik Verma,customer00581@example.com,9000000581,premium,2025-05-30,True
CUST00582,Divya Verma,customer00582@example.com,9000000582,walk_in,2024-12-10,True
CUST00583,Vijay Verma,customer00583@example.com,9000000583,regular,2025-10-15,True
CUST00584,Ananya Verma,customer00584@example.com,9000000584,walk_in,2025-09-11,True
CUST00585,Rohan Verma,customer00585@example.com,9000000585,regular,2025-08-06,True
CUST00586,Meera Verma,customer00586@example.com,9000000586,regular,2025-04-06,True
CUST00587,Suresh Verma,customer00587@example.com,9000000587,regular,2025-05-02,True
CUST00588,Nisha Verma,customer00588@example.com,9000000588,regular,2025-05-12,True
CUST00589,Amit Verma,customer00589@example.com,9000000589,walk_in,2025-06-18,True
CUST00590,Kavya Verma,customer00590@example.com,9000000590,regular,2025-06-04,True
CUST00591,Aditya Verma,customer00591@example.com,9000000591,regular,2025-04-23,True
CUST00592,Pooja Verma,customer00592@example.com,9000000592,regular,2025-05-06,True
CUST00593,Vivek Verma,customer00593@example.com,9000000593,regular,2025-04-01,True
CUST00594,Ishita Verma,customer00594@example.com,9000000594,regular,2025-08-29,True
CUST00595,Manoj Verma,customer00595@example.com,9000000595,walk_in,2025-09-14,True
CUST00596,Neha Verma,customer00596@example.com,9000000596,regular,2025-03-07,True
CUST00597,Harish Verma,customer00597@example.com,9000000597,premium,2025-07-20,True
CUST00598,Swathi Verma,customer00598@example.com,9000000598,regular,2025-11-14,True
CUST00599,Naveen Verma,customer00599@example.com,9000000599,regular,2025-12-22,True
CUST00600,Asha Verma,customer00600@example.com,9000000600,regular,2025-02-12,True
CUST00601,Arun Rao,customer00601@example.com,9000000601,regular,2025-05-30,True
CUST00602,Priya Rao,customer00602@example.com,9000000602,regular,2025-03-13,True
CUST00603,Rahul Rao,customer00603@example.com,9000000603,regular,2025-01-05,True
CUST00604,Sneha Rao,customer00604@example.com,9000000604,premium,2025-12-15,True
CUST00605,Karthik Rao,customer00605@example.com,9000000605,regular,2025-11-15,True
CUST00606,Divya Rao,customer00606@example.com,9000000606,regular,2025-01-13,True
CUST00607,Vijay Rao,customer00607@example.com,9000000607,regular,2025-04-03,True
CUST00608,Ananya Rao,customer00608@example.com,9000000608,wholesale,2025-09-29,True
CUST00609,Rohan Rao,customer00609@example.com,9000000609,walk_in,2025-01-11,True
CUST00610,Meera Rao,customer00610@example.com,9000000610,walk_in,2025-12-25,True
CUST00611,Suresh Rao,customer00611@example.com,9000000611,walk_in,2025-07-22,True
CUST00612,Nisha Rao,customer00612@example.com,9000000612,regular,2024-12-29,True
CUST00613,Amit Rao,customer00613@example.com,9000000613,regular,2025-02-27,True
CUST00614,Kavya Rao,customer00614@example.com,9000000614,regular,2025-07-07,True
CUST00615,Aditya Rao,customer00615@example.com,9000000615,wholesale,2025-09-21,True
CUST00616,Pooja Rao,customer00616@example.com,9000000616,regular,2025-08-02,True
CUST00617,Vivek Rao,customer00617@example.com,9000000617,regular,2025-01-02,True
CUST00618,Ishita Rao,customer00618@example.com,9000000618,regular,2025-03-11,True
CUST00619,Manoj Rao,customer00619@example.com,9000000619,wholesale,2025-04-28,True
CUST00620,Neha Rao,customer00620@example.com,9000000620,premium,2025-07-20,True
CUST00621,Harish Rao,customer00621@example.com,9000000621,regular,2025-11-01,True
CUST00622,Swathi Rao,customer00622@example.com,9000000622,regular,2025-04-27,True
CUST00623,Naveen Rao,customer00623@example.com,9000000623,premium,2024-12-12,True
CUST00624,Asha Rao,customer00624@example.com,9000000624,regular,2025-10-02,True
CUST00625,Arun Das,customer00625@example.com,9000000625,walk_in,2025-05-11,True
CUST00626,Priya Das,customer00626@example.com,9000000626,walk_in,2025-01-17,True
CUST00627,Rahul Das,customer00627@example.com,9000000627,regular,2025-05-02,True
CUST00628,Sneha Das,customer00628@example.com,9000000628,wholesale,2025-03-15,True
CUST00629,Karthik Das,customer00629@example.com,9000000629,regular,2025-08-15,True
CUST00630,Divya Das,customer00630@example.com,9000000630,regular,2025-05-13,True
CUST00631,Vijay Das,customer00631@example.com,9000000631,regular,2025-11-14,True
CUST00632,Ananya Das,customer00632@example.com,9000000632,wholesale,2025-09-08,True
CUST00633,Rohan Das,customer00633@example.com,9000000633,wholesale,2025-09-22,True
CUST00634,Meera Das,customer00634@example.com,9000000634,regular,2025-04-14,True
CUST00635,Suresh Das,customer00635@example.com,9000000635,regular,2025-04-11,True
CUST00636,Nisha Das,customer00636@example.com,9000000636,regular,2025-03-07,True
CUST00637,Amit Das,customer00637@example.com,9000000637,walk_in,2024-12-30,True
CUST00638,Kavya Das,customer00638@example.com,9000000638,premium,2025-11-17,True
CUST00639,Aditya Das,customer00639@example.com,9000000639,regular,2025-03-22,True
CUST00640,Pooja Das,customer00640@example.com,9000000640,regular,2025-06-13,True
CUST00641,Vivek Das,customer00641@example.com,9000000641,regular,2025-10-23,True
CUST00642,Ishita Das,customer00642@example.com,9000000642,regular,2025-05-22,True
CUST00643,Manoj Das,customer00643@example.com,9000000643,regular,2025-02-11,True
CUST00644,Neha Das,customer00644@example.com,9000000644,regular,2025-12-13,True
CUST00645,Harish Das,customer00645@example.com,9000000645,walk_in,2025-01-28,True
CUST00646,Swathi Das,customer00646@example.com,9000000646,regular,2025-02-03,True
CUST00647,Naveen Das,customer00647@example.com,9000000647,regular,2025-02-04,True
CUST00648,Asha Das,customer00648@example.com,9000000648,regular,2025-03-11,True
CUST00649,Arun Mehta,customer00649@example.com,9000000649,regular,2025-02-01,True
CUST00650,Priya Mehta,customer00650@example.com,9000000650,regular,2025-11-29,True
CUST00651,Rahul Mehta,customer00651@example.com,9000000651,regular,2024-12-29,True
CUST00652,Sneha Mehta,customer00652@example.com,9000000652,regular,2025-06-03,True
CUST00653,Karthik Mehta,customer00653@example.com,9000000653,regular,2025-08-19,True
CUST00654,Divya Mehta,customer00654@example.com,9000000654,walk_in,2025-02-13,True
CUST00655,Vijay Mehta,customer00655@example.com,9000000655,wholesale,2025-10-20,True
CUST00656,Ananya Mehta,customer00656@example.com,9000000656,regular,2025-09-20,True
CUST00657,Rohan Mehta,customer00657@example.com,9000000657,regular,2025-10-25,True
CUST00658,Meera Mehta,customer00658@example.com,9000000658,regular,2025-11-30,True
CUST00659,Suresh Mehta,customer00659@example.com,9000000659,regular,2025-12-04,True
CUST00660,Nisha Mehta,customer00660@example.com,9000000660,premium,2025-04-15,True
CUST00661,Amit Mehta,customer00661@example.com,9000000661,premium,2024-12-22,True
CUST00662,Kavya Mehta,customer00662@example.com,9000000662,premium,2025-09-24,True
CUST00663,Aditya Mehta,customer00663@example.com,9000000663,regular,2025-02-22,True
CUST00664,Pooja Mehta,customer00664@example.com,9000000664,regular,2025-12-01,True
CUST00665,Vivek Mehta,customer00665@example.com,9000000665,premium,2025-09-25,True
CUST00666,Ishita Mehta,customer00666@example.com,9000000666,walk_in,2024-12-01,True
CUST00667,Manoj Mehta,customer00667@example.com,9000000667,regular,2025-11-13,True
CUST00668,Neha Mehta,customer00668@example.com,9000000668,regular,2024-12-25,True
CUST00669,Harish Mehta,customer00669@example.com,9000000669,regular,2025-05-21,True
CUST00670,Swathi Mehta,customer00670@example.com,9000000670,premium,2025-01-30,True
CUST00671,Naveen Mehta,customer00671@example.com,9000000671,regular,2025-01-30,True
CUST00672,Asha Mehta,customer00672@example.com,9000000672,regular,2025-12-01,True
CUST00673,Arun Joshi,customer00673@example.com,9000000673,premium,2025-09-11,True
CUST00674,Priya Joshi,customer00674@example.com,9000000674,premium,2025-06-01,True
CUST00675,Rahul Joshi,customer00675@example.com,9000000675,regular,2024-12-29,True
CUST00676,Sneha Joshi,customer00676@example.com,9000000676,walk_in,2025-06-06,True
CUST00677,Karthik Joshi,customer00677@example.com,9000000677,regular,2025-07-09,True
CUST00678,Divya Joshi,customer00678@example.com,9000000678,premium,2025-02-09,True
CUST00679,Vijay Joshi,customer00679@example.com,9000000679,wholesale,2025-07-20,True
CUST00680,Ananya Joshi,customer00680@example.com,9000000680,regular,2024-12-16,True
CUST00681,Rohan Joshi,customer00681@example.com,9000000681,walk_in,2025-09-22,True
CUST00682,Meera Joshi,customer00682@example.com,9000000682,walk_in,2025-09-23,True
CUST00683,Suresh Joshi,customer00683@example.com,9000000683,regular,2025-09-24,True
CUST00684,Nisha Joshi,customer00684@example.com,9000000684,regular,2025-08-19,True
CUST00685,Amit Joshi,customer00685@example.com,9000000685,walk_in,2025-09-09,True
CUST00686,Kavya Joshi,customer00686@example.com,9000000686,premium,2025-04-25,True
CUST00687,Aditya Joshi,customer00687@example.com,9000000687,regular,2025-11-20,True
CUST00688,Pooja Joshi,customer00688@example.com,9000000688,premium,2025-07-11,True
CUST00689,Vivek Joshi,customer00689@example.com,9000000689,regular,2025-09-14,True
CUST00690,Ishita Joshi,customer00690@example.com,9000000690,regular,2025-11-25,True
CUST00691,Manoj Joshi,customer00691@example.com,9000000691,premium,2025-05-09,True
CUST00692,Neha Joshi,customer00692@example.com,9000000692,regular,2025-04-15,True
CUST00693,Harish Joshi,customer00693@example.com,9000000693,regular,2025-03-13,True
CUST00694,Swathi Joshi,customer00694@example.com,9000000694,regular,2025-01-19,True
CUST00695,Naveen Joshi,customer00695@example.com,9000000695,premium,2025-01-21,True
CUST00696,Asha Joshi,customer00696@example.com,9000000696,premium,2025-08-17,True
CUST00697,Arun Pillai,customer00697@example.com,9000000697,regular,2025-11-17,True
CUST00698,Priya Pillai,customer00698@example.com,9000000698,regular,2025-04-09,True
CUST00699,Rahul Pillai,customer00699@example.com,9000000699,premium,2025-12-08,True
CUST00700,Sneha Pillai,customer00700@example.com,9000000700,regular,2025-11-06,True
CUST00701,Karthik Pillai,customer00701@example.com,9000000701,premium,2025-02-07,True
CUST00702,Divya Pillai,customer00702@example.com,9000000702,regular,2025-01-21,True
CUST00703,Vijay Pillai,customer00703@example.com,9000000703,regular,2025-03-22,True
CUST00704,Ananya Pillai,customer00704@example.com,9000000704,premium,2025-03-23,True
CUST00705,Rohan Pillai,customer00705@example.com,9000000705,walk_in,2025-09-20,True
CUST00706,Meera Pillai,customer00706@example.com,9000000706,regular,2025-02-19,True
CUST00707,Suresh Pillai,customer00707@example.com,9000000707,premium,2025-10-01,True
CUST00708,Nisha Pillai,customer00708@example.com,9000000708,regular,2025-12-13,True
CUST00709,Amit Pillai,customer00709@example.com,9000000709,regular,2025-04-01,True
CUST00710,Kavya Pillai,customer00710@example.com,9000000710,regular,2025-08-05,True
CUST00711,Aditya Pillai,customer00711@example.com,9000000711,walk_in,2025-06-24,True
CUST00712,Pooja Pillai,customer00712@example.com,9000000712,premium,2025-05-08,True
CUST00713,Vivek Pillai,customer00713@example.com,9000000713,regular,2025-07-02,True
CUST00714,Ishita Pillai,customer00714@example.com,9000000714,wholesale,2025-05-08,True
CUST00715,Manoj Pillai,customer00715@example.com,9000000715,regular,2025-04-23,True
CUST00716,Neha Pillai,customer00716@example.com,9000000716,walk_in,2025-05-25,True
CUST00717,Harish Pillai,customer00717@example.com,9000000717,wholesale,2025-04-09,True
CUST00718,Swathi Pillai,customer00718@example.com,9000000718,regular,2025-04-07,True
CUST00719,Naveen Pillai,customer00719@example.com,9000000719,regular,2025-05-25,True
CUST00720,Asha Pillai,customer00720@example.com,9000000720,regular,2025-08-08,True
CUST00721,Arun Menon,customer00721@example.com,9000000721,regular,2025-05-09,True
CUST00722,Priya Menon,customer00722@example.com,9000000722,walk_in,2025-11-27,True
CUST00723,Rahul Menon,customer00723@example.com,9000000723,wholesale,2025-12-06,True
CUST00724,Sneha Menon,customer00724@example.com,9000000724,premium,2025-12-23,True
CUST00725,Karthik Menon,customer00725@example.com,9000000725,premium,2025-03-03,True
CUST00726,Divya Menon,customer00726@example.com,9000000726,regular,2025-09-28,True
CUST00727,Vijay Menon,customer00727@example.com,9000000727,regular,2025-09-04,True
CUST00728,Ananya Menon,customer00728@example.com,9000000728,premium,2025-03-06,True
CUST00729,Rohan Menon,customer00729@example.com,9000000729,regular,2025-03-31,True
CUST00730,Meera Menon,customer00730@example.com,9000000730,regular,2025-03-13,True
CUST00731,Suresh Menon,customer00731@example.com,9000000731,regular,2025-03-24,True
CUST00732,Nisha Menon,customer00732@example.com,9000000732,wholesale,2025-02-25,True
CUST00733,Amit Menon,customer00733@example.com,9000000733,wholesale,2025-07-15,True
CUST00734,Kavya Menon,customer00734@example.com,9000000734,regular,2025-02-05,True
CUST00735,Aditya Menon,customer00735@example.com,9000000735,regular,2025-05-29,True
CUST00736,Pooja Menon,customer00736@example.com,9000000736,wholesale,2025-10-12,True
CUST00737,Vivek Menon,customer00737@example.com,9000000737,regular,2025-09-04,True
CUST00738,Ishita Menon,customer00738@example.com,9000000738,regular,2025-10-03,True
CUST00739,Manoj Menon,customer00739@example.com,9000000739,regular,2025-05-28,True
CUST00740,Neha Menon,customer00740@example.com,9000000740,regular,2025-12-31,True
CUST00741,Harish Menon,customer00741@example.com,9000000741,regular,2024-12-11,True
CUST00742,Swathi Menon,customer00742@example.com,9000000742,regular,2025-05-17,True
CUST00743,Naveen Menon,customer00743@example.com,9000000743,walk_in,2025-03-25,True
CUST00744,Asha Menon,customer00744@example.com,9000000744,regular,2025-12-24,True
CUST00745,Arun Bose,customer00745@example.com,9000000745,regular,2025-07-22,True
CUST00746,Priya Bose,customer00746@example.com,9000000746,regular,2025-10-10,True
CUST00747,Rahul Bose,customer00747@example.com,9000000747,walk_in,2025-02-27,True
CUST00748,Sneha Bose,customer00748@example.com,9000000748,regular,2025-08-20,True
CUST00749,Karthik Bose,customer00749@example.com,9000000749,wholesale,2025-07-16,True
CUST00750,Divya Bose,customer00750@example.com,9000000750,regular,2025-02-08,True
